--
-- PostgreSQL database dump
--

-- Dumped from database version 17.2
-- Dumped by pg_dump version 17.2

SET statement_timeout = 0;
SET lock_timeout = 0;
SET idle_in_transaction_session_timeout = 0;
SET transaction_timeout = 0;
SET client_encoding = 'UTF8';
SET standard_conforming_strings = on;
SELECT pg_catalog.set_config('search_path', '', false);
SET check_function_bodies = false;
SET xmloption = content;
SET client_min_messages = warning;
SET row_security = off;

SET default_tablespace = '';

SET default_table_access_method = heap;

--
-- Name: auth_group; Type: TABLE; Schema: public; Owner: -
--

CREATE TABLE public.auth_group (
    id integer NOT NULL,
    name character varying(150) NOT NULL
);


--
-- Name: auth_group_id_seq; Type: SEQUENCE; Schema: public; Owner: -
--

ALTER TABLE public.auth_group ALTER COLUMN id ADD GENERATED BY DEFAULT AS IDENTITY (
    SEQUENCE NAME public.auth_group_id_seq
    START WITH 1
    INCREMENT BY 1
    NO MINVALUE
    NO MAXVALUE
    CACHE 1
);


--
-- Name: auth_group_permissions; Type: TABLE; Schema: public; Owner: -
--

CREATE TABLE public.auth_group_permissions (
    id bigint NOT NULL,
    group_id integer NOT NULL,
    permission_id integer NOT NULL
);


--
-- Name: auth_group_permissions_id_seq; Type: SEQUENCE; Schema: public; Owner: -
--

ALTER TABLE public.auth_group_permissions ALTER COLUMN id ADD GENERATED BY DEFAULT AS IDENTITY (
    SEQUENCE NAME public.auth_group_permissions_id_seq
    START WITH 1
    INCREMENT BY 1
    NO MINVALUE
    NO MAXVALUE
    CACHE 1
);


--
-- Name: auth_permission; Type: TABLE; Schema: public; Owner: -
--

CREATE TABLE public.auth_permission (
    id integer NOT NULL,
    name character varying(255) NOT NULL,
    content_type_id integer NOT NULL,
    codename character varying(100) NOT NULL
);


--
-- Name: auth_permission_id_seq; Type: SEQUENCE; Schema: public; Owner: -
--

ALTER TABLE public.auth_permission ALTER COLUMN id ADD GENERATED BY DEFAULT AS IDENTITY (
    SEQUENCE NAME public.auth_permission_id_seq
    START WITH 1
    INCREMENT BY 1
    NO MINVALUE
    NO MAXVALUE
    CACHE 1
);


--
-- Name: auth_user; Type: TABLE; Schema: public; Owner: -
--

CREATE TABLE public.auth_user (
    id integer NOT NULL,
    password character varying(128) NOT NULL,
    last_login timestamp with time zone,
    is_superuser boolean NOT NULL,
    username character varying(150) NOT NULL,
    first_name character varying(150) NOT NULL,
    last_name character varying(150) NOT NULL,
    email character varying(254) NOT NULL,
    is_staff boolean NOT NULL,
    is_active boolean NOT NULL,
    date_joined timestamp with time zone NOT NULL
);


--
-- Name: auth_user_groups; Type: TABLE; Schema: public; Owner: -
--

CREATE TABLE public.auth_user_groups (
    id bigint NOT NULL,
    user_id integer NOT NULL,
    group_id integer NOT NULL
);


--
-- Name: auth_user_groups_id_seq; Type: SEQUENCE; Schema: public; Owner: -
--

ALTER TABLE public.auth_user_groups ALTER COLUMN id ADD GENERATED BY DEFAULT AS IDENTITY (
    SEQUENCE NAME public.auth_user_groups_id_seq
    START WITH 1
    INCREMENT BY 1
    NO MINVALUE
    NO MAXVALUE
    CACHE 1
);


--
-- Name: auth_user_id_seq; Type: SEQUENCE; Schema: public; Owner: -
--

ALTER TABLE public.auth_user ALTER COLUMN id ADD GENERATED BY DEFAULT AS IDENTITY (
    SEQUENCE NAME public.auth_user_id_seq
    START WITH 1
    INCREMENT BY 1
    NO MINVALUE
    NO MAXVALUE
    CACHE 1
);


--
-- Name: auth_user_user_permissions; Type: TABLE; Schema: public; Owner: -
--

CREATE TABLE public.auth_user_user_permissions (
    id bigint NOT NULL,
    user_id integer NOT NULL,
    permission_id integer NOT NULL
);


--
-- Name: auth_user_user_permissions_id_seq; Type: SEQUENCE; Schema: public; Owner: -
--

ALTER TABLE public.auth_user_user_permissions ALTER COLUMN id ADD GENERATED BY DEFAULT AS IDENTITY (
    SEQUENCE NAME public.auth_user_user_permissions_id_seq
    START WITH 1
    INCREMENT BY 1
    NO MINVALUE
    NO MAXVALUE
    CACHE 1
);


--
-- Name: authtoken_token; Type: TABLE; Schema: public; Owner: -
--

CREATE TABLE public.authtoken_token (
    key character varying(40) NOT NULL,
    created timestamp with time zone NOT NULL,
    user_id bigint NOT NULL
);


--
-- Name: django_admin_log; Type: TABLE; Schema: public; Owner: -
--

CREATE TABLE public.django_admin_log (
    id integer NOT NULL,
    action_time timestamp with time zone NOT NULL,
    object_id text,
    object_repr character varying(200) NOT NULL,
    action_flag smallint NOT NULL,
    change_message text NOT NULL,
    content_type_id integer,
    user_id bigint NOT NULL,
    CONSTRAINT django_admin_log_action_flag_check CHECK ((action_flag >= 0))
);


--
-- Name: django_admin_log_id_seq; Type: SEQUENCE; Schema: public; Owner: -
--

ALTER TABLE public.django_admin_log ALTER COLUMN id ADD GENERATED BY DEFAULT AS IDENTITY (
    SEQUENCE NAME public.django_admin_log_id_seq
    START WITH 1
    INCREMENT BY 1
    NO MINVALUE
    NO MAXVALUE
    CACHE 1
);


--
-- Name: django_content_type; Type: TABLE; Schema: public; Owner: -
--

CREATE TABLE public.django_content_type (
    id integer NOT NULL,
    app_label character varying(100) NOT NULL,
    model character varying(100) NOT NULL
);


--
-- Name: django_content_type_id_seq; Type: SEQUENCE; Schema: public; Owner: -
--

ALTER TABLE public.django_content_type ALTER COLUMN id ADD GENERATED BY DEFAULT AS IDENTITY (
    SEQUENCE NAME public.django_content_type_id_seq
    START WITH 1
    INCREMENT BY 1
    NO MINVALUE
    NO MAXVALUE
    CACHE 1
);


--
-- Name: django_migrations; Type: TABLE; Schema: public; Owner: -
--

CREATE TABLE public.django_migrations (
    id bigint NOT NULL,
    app character varying(255) NOT NULL,
    name character varying(255) NOT NULL,
    applied timestamp with time zone NOT NULL
);


--
-- Name: django_migrations_id_seq; Type: SEQUENCE; Schema: public; Owner: -
--

ALTER TABLE public.django_migrations ALTER COLUMN id ADD GENERATED BY DEFAULT AS IDENTITY (
    SEQUENCE NAME public.django_migrations_id_seq
    START WITH 1
    INCREMENT BY 1
    NO MINVALUE
    NO MAXVALUE
    CACHE 1
);


--
-- Name: django_session; Type: TABLE; Schema: public; Owner: -
--

CREATE TABLE public.django_session (
    session_key character varying(40) NOT NULL,
    session_data text NOT NULL,
    expire_date timestamp with time zone NOT NULL
);


--
-- Name: jobapp_category; Type: TABLE; Schema: public; Owner: -
--

CREATE TABLE public.jobapp_category (
    id bigint NOT NULL,
    title character varying(255) NOT NULL
);


--
-- Name: jobapp_category_id_seq; Type: SEQUENCE; Schema: public; Owner: -
--

ALTER TABLE public.jobapp_category ALTER COLUMN id ADD GENERATED BY DEFAULT AS IDENTITY (
    SEQUENCE NAME public.jobapp_category_id_seq
    START WITH 1
    INCREMENT BY 1
    NO MINVALUE
    NO MAXVALUE
    CACHE 1
);


--
-- Name: jobapp_customuser; Type: TABLE; Schema: public; Owner: -
--

CREATE TABLE public.jobapp_customuser (
    id bigint NOT NULL,
    password character varying(128) NOT NULL,
    last_login timestamp with time zone,
    is_superuser boolean NOT NULL,
    username character varying(150) NOT NULL,
    first_name character varying(150) NOT NULL,
    last_name character varying(150) NOT NULL,
    email character varying(254) NOT NULL,
    is_staff boolean NOT NULL,
    is_active boolean NOT NULL,
    date_joined timestamp with time zone NOT NULL,
    user_type character varying(20) NOT NULL,
    company_name character varying(255),
    profile_description text
);


--
-- Name: jobapp_customuser_groups; Type: TABLE; Schema: public; Owner: -
--

CREATE TABLE public.jobapp_customuser_groups (
    id bigint NOT NULL,
    customuser_id bigint NOT NULL,
    group_id integer NOT NULL
);


--
-- Name: jobapp_customuser_groups_id_seq; Type: SEQUENCE; Schema: public; Owner: -
--

ALTER TABLE public.jobapp_customuser_groups ALTER COLUMN id ADD GENERATED BY DEFAULT AS IDENTITY (
    SEQUENCE NAME public.jobapp_customuser_groups_id_seq
    START WITH 1
    INCREMENT BY 1
    NO MINVALUE
    NO MAXVALUE
    CACHE 1
);


--
-- Name: jobapp_customuser_id_seq; Type: SEQUENCE; Schema: public; Owner: -
--

ALTER TABLE public.jobapp_customuser ALTER COLUMN id ADD GENERATED BY DEFAULT AS IDENTITY (
    SEQUENCE NAME public.jobapp_customuser_id_seq
    START WITH 1
    INCREMENT BY 1
    NO MINVALUE
    NO MAXVALUE
    CACHE 1
);


--
-- Name: jobapp_customuser_user_permissions; Type: TABLE; Schema: public; Owner: -
--

CREATE TABLE public.jobapp_customuser_user_permissions (
    id bigint NOT NULL,
    customuser_id bigint NOT NULL,
    permission_id integer NOT NULL
);


--
-- Name: jobapp_customuser_user_permissions_id_seq; Type: SEQUENCE; Schema: public; Owner: -
--

ALTER TABLE public.jobapp_customuser_user_permissions ALTER COLUMN id ADD GENERATED BY DEFAULT AS IDENTITY (
    SEQUENCE NAME public.jobapp_customuser_user_permissions_id_seq
    START WITH 1
    INCREMENT BY 1
    NO MINVALUE
    NO MAXVALUE
    CACHE 1
);


--
-- Name: jobapp_job; Type: TABLE; Schema: public; Owner: -
--

CREATE TABLE public.jobapp_job (
    id bigint NOT NULL,
    title character varying(255) NOT NULL,
    description text,
    position_salary character varying(255) NOT NULL,
    position_location character varying(255) NOT NULL,
    company_name character varying(255) NOT NULL,
    company_location character varying(255) NOT NULL,
    company_email character varying(254) NOT NULL,
    created_at timestamp with time zone NOT NULL,
    category_id bigint NOT NULL,
    created_by_id bigint NOT NULL
);


--
-- Name: jobapp_job_id_seq; Type: SEQUENCE; Schema: public; Owner: -
--

ALTER TABLE public.jobapp_job ALTER COLUMN id ADD GENERATED BY DEFAULT AS IDENTITY (
    SEQUENCE NAME public.jobapp_job_id_seq
    START WITH 1
    INCREMENT BY 1
    NO MINVALUE
    NO MAXVALUE
    CACHE 1
);


--
-- Name: jobboard_category; Type: TABLE; Schema: public; Owner: -
--

CREATE TABLE public.jobboard_category (
    id bigint NOT NULL,
    title character varying(255) NOT NULL
);


--
-- Name: jobboard_category_id_seq; Type: SEQUENCE; Schema: public; Owner: -
--

ALTER TABLE public.jobboard_category ALTER COLUMN id ADD GENERATED BY DEFAULT AS IDENTITY (
    SEQUENCE NAME public.jobboard_category_id_seq
    START WITH 1
    INCREMENT BY 1
    NO MINVALUE
    NO MAXVALUE
    CACHE 1
);


--
-- Name: jobboard_job; Type: TABLE; Schema: public; Owner: -
--

CREATE TABLE public.jobboard_job (
    id bigint NOT NULL,
    title character varying(255) NOT NULL,
    description text,
    position_salary character varying(255) NOT NULL,
    position_location character varying(255) NOT NULL,
    company_name character varying(255) NOT NULL,
    company_location character varying(255) NOT NULL,
    company_email character varying(254) NOT NULL,
    created_at timestamp with time zone NOT NULL,
    category_id bigint NOT NULL,
    created_by_id integer NOT NULL
);


--
-- Name: jobboard_job_id_seq; Type: SEQUENCE; Schema: public; Owner: -
--

ALTER TABLE public.jobboard_job ALTER COLUMN id ADD GENERATED BY DEFAULT AS IDENTITY (
    SEQUENCE NAME public.jobboard_job_id_seq
    START WITH 1
    INCREMENT BY 1
    NO MINVALUE
    NO MAXVALUE
    CACHE 1
);


--
-- Name: jobs_category; Type: TABLE; Schema: public; Owner: -
--

CREATE TABLE public.jobs_category (
    id bigint NOT NULL,
    title character varying(255) NOT NULL
);


--
-- Name: jobs_category_id_seq; Type: SEQUENCE; Schema: public; Owner: -
--

ALTER TABLE public.jobs_category ALTER COLUMN id ADD GENERATED BY DEFAULT AS IDENTITY (
    SEQUENCE NAME public.jobs_category_id_seq
    START WITH 1
    INCREMENT BY 1
    NO MINVALUE
    NO MAXVALUE
    CACHE 1
);


--
-- Name: jobs_job; Type: TABLE; Schema: public; Owner: -
--

CREATE TABLE public.jobs_job (
    id bigint NOT NULL,
    title character varying(255) NOT NULL,
    description text,
    position_salary character varying(255) NOT NULL,
    position_location character varying(255) NOT NULL,
    company_name character varying(255) NOT NULL,
    company_location character varying(255) NOT NULL,
    company_email character varying(254) NOT NULL,
    created_at timestamp with time zone NOT NULL,
    category_id bigint NOT NULL,
    created_by_id integer NOT NULL
);


--
-- Name: jobs_job_id_seq; Type: SEQUENCE; Schema: public; Owner: -
--

ALTER TABLE public.jobs_job ALTER COLUMN id ADD GENERATED BY DEFAULT AS IDENTITY (
    SEQUENCE NAME public.jobs_job_id_seq
    START WITH 1
    INCREMENT BY 1
    NO MINVALUE
    NO MAXVALUE
    CACHE 1
);


--
-- Data for Name: auth_group; Type: TABLE DATA; Schema: public; Owner: -
--

COPY public.auth_group (id, name) FROM stdin;
\.


--
-- Data for Name: auth_group_permissions; Type: TABLE DATA; Schema: public; Owner: -
--

COPY public.auth_group_permissions (id, group_id, permission_id) FROM stdin;
\.


--
-- Data for Name: auth_permission; Type: TABLE DATA; Schema: public; Owner: -
--

COPY public.auth_permission (id, name, content_type_id, codename) FROM stdin;
1	Can add log entry	1	add_logentry
2	Can change log entry	1	change_logentry
3	Can delete log entry	1	delete_logentry
4	Can view log entry	1	view_logentry
5	Can add permission	2	add_permission
6	Can change permission	2	change_permission
7	Can delete permission	2	delete_permission
8	Can view permission	2	view_permission
9	Can add group	3	add_group
10	Can change group	3	change_group
11	Can delete group	3	delete_group
12	Can view group	3	view_group
13	Can add user	4	add_user
14	Can change user	4	change_user
15	Can delete user	4	delete_user
16	Can view user	4	view_user
17	Can add content type	5	add_contenttype
18	Can change content type	5	change_contenttype
19	Can delete content type	5	delete_contenttype
20	Can view content type	5	view_contenttype
21	Can add session	6	add_session
22	Can change session	6	change_session
23	Can delete session	6	delete_session
24	Can view session	6	view_session
25	Can add Token	7	add_token
26	Can change Token	7	change_token
27	Can delete Token	7	delete_token
28	Can view Token	7	view_token
29	Can add Token	8	add_tokenproxy
30	Can change Token	8	change_tokenproxy
31	Can delete Token	8	delete_tokenproxy
32	Can view Token	8	view_tokenproxy
33	Can add category	9	add_category
34	Can change category	9	change_category
35	Can delete category	9	delete_category
36	Can view category	9	view_category
37	Can add job	10	add_job
38	Can change job	10	change_job
39	Can delete job	10	delete_job
40	Can view job	10	view_job
41	Can add job	11	add_job
42	Can change job	11	change_job
43	Can delete job	11	delete_job
44	Can view job	11	view_job
45	Can add category	12	add_category
46	Can change category	12	change_category
47	Can delete category	12	delete_category
48	Can view category	12	view_category
49	Can add category	13	add_category
50	Can change category	13	change_category
51	Can delete category	13	delete_category
52	Can view category	13	view_category
53	Can add job	14	add_job
54	Can change job	14	change_job
55	Can delete job	14	delete_job
56	Can view job	14	view_job
57	Can add user	15	add_customuser
58	Can change user	15	change_customuser
59	Can delete user	15	delete_customuser
60	Can view user	15	view_customuser
\.


--
-- Data for Name: auth_user; Type: TABLE DATA; Schema: public; Owner: -
--

COPY public.auth_user (id, password, last_login, is_superuser, username, first_name, last_name, email, is_staff, is_active, date_joined) FROM stdin;
1	pbkdf2_sha256$600000$lzwEWxdk7l1JOUxtagZjLg$9kE3mGyLKAQE5KjYs+r21locnFMN2uHYv7tVSrgcWeQ=	2024-12-30 02:40:47.29937+01	t	iranlowooluwa			idapothomas@gmail.com	t	t	2024-12-28 18:44:47.910755+01
2	pbkdf2_sha256$870000$l4pXmEXzHXWvprb8JjgAeW$7YQMqYoGJ/IJNEAMYYJ/udghs5bi7XuOrdLpbdzLTXY=	2025-01-20 01:11:03.008778+01	t	dapothomas			idapothomas@gmail.com	t	t	2025-01-20 01:09:33.903807+01
5	pbkdf2_sha256$600000$btDsq5DDYOKV4vzMzrrjUw$DUHvDDil//GALflhD6eZkBPbRPz4ehO1riaVUmjNY24=	\N	f	HELLO@gmail.com			HELLO@gmail.com	f	t	2025-01-23 06:44:32.524862+01
7	pbkdf2_sha256$600000$rvPMNmiU9kk6JSNOd0mUXj$P4csLKGGAo7kSrW0Duy+lT9GZZWBonbc75HSMfCZBEA=	2025-01-25 15:24:03.221809+01	f	tokunbo@gmail.com			tokunbo@gmail.com	f	t	2025-01-24 05:35:54.473703+01
9	pbkdf2_sha256$600000$zvsSsmvyq1ysGS4NqfPrJf$VuXQHF6oKet8Y6Pi0W5u2LcExdAY5X8XpcDH2RNqo3E=	2025-01-24 05:45:34.682982+01	f	michaelthomas@gmail.com			michaelthomas@gmail.com	f	t	2025-01-24 05:43:35.622018+01
15	pbkdf2_sha256$600000$MWEehxMmpzb5ZvN1RZLqmC$dX5QcxC9XhPV5/uk61vcpV3TcDkL3DmfbDKyG15B5/0=	2025-01-26 05:00:34.35327+01	f	employer@gmail.com			employer@gmail.com	f	t	2025-01-26 04:54:56.726028+01
12	pbkdf2_sha256$600000$8KcdoBZnnRyo9Ez6nMlCFW$pSq7ZKzbnD+aRBqE+ciel/Wf420wZ6M+xxR1bqXldOc=	2025-01-26 01:17:41.459621+01	f	Dapothomas@gmail.com			Dapothomas@gmail.com	f	t	2025-01-26 01:15:48.080701+01
11	pbkdf2_sha256$600000$MFgFw77H72BOLGizBo0wzV$STlLHaIrJtjaWwlzjJlnxQFtuCEXDvhSd0QoX5bhYOE=	2025-01-26 05:48:13.507239+01	f	sharonamalu@gmail.com			sharonamalu@gmail.com	f	t	2025-01-26 01:00:24.738046+01
13	pbkdf2_sha256$600000$zzclQ6x70svs9fEaP7qzAq$WTV9QBrtsCUty9RIa4mIFstPAN7458Mz5HJGcIKt6Ss=	2025-01-26 01:53:36.054056+01	f	Dapothomas1@gmail.com			Dapothomas1@gmail.com	f	t	2025-01-26 01:53:11.833528+01
16	pbkdf2_sha256$600000$LPtI3ndNNgz5b1TY0K13WM$Is4HsUBcO5Yv1a3fkN5OcJokaAqneeepC1IrDdCp/k8=	2025-01-26 05:49:48.411261+01	f	hello2@gmail.com			hello2@gmail.com	f	t	2025-01-26 05:47:43.926369+01
4	pbkdf2_sha256$600000$QlX9JCWjoclAJtclZdwqXC$Tv0SyfCr0D5m/LnCHu1pjNyB0Loi7xXmXfSOFbxzouo=	2025-01-26 05:59:17.237523+01	f	idapothomas@gmail.com			idapothomas@gmail.com	f	t	2025-01-23 06:42:34.305875+01
14	pbkdf2_sha256$600000$XjKWgedHebJ7Qv2AWWSMKB$+CWUTM+Ckh0MWe7StaXhPWWihuUZ+UT4EjtIVDCywes=	2025-01-26 01:59:52.840444+01	f	hello@gmail.com			hello@gmail.com	f	t	2025-01-26 01:54:16.301925+01
\.


--
-- Data for Name: auth_user_groups; Type: TABLE DATA; Schema: public; Owner: -
--

COPY public.auth_user_groups (id, user_id, group_id) FROM stdin;
\.


--
-- Data for Name: auth_user_user_permissions; Type: TABLE DATA; Schema: public; Owner: -
--

COPY public.auth_user_user_permissions (id, user_id, permission_id) FROM stdin;
\.


--
-- Data for Name: authtoken_token; Type: TABLE DATA; Schema: public; Owner: -
--

COPY public.authtoken_token (key, created, user_id) FROM stdin;
29b801d7a6b21ea8de55fe7c44bb8da18e5611a2	2025-01-26 23:56:01.471111+01	1
0b0c3436229b87218a1833034c248f6110c6907e	2025-01-27 02:20:04.627148+01	4
8c617d6f35c459c173c223901a1fd397b30ff560	2025-01-27 03:27:04.937885+01	6
b22a79c644d3ceb8a111e24bd14492245f50b5e4	2025-01-27 03:28:22.067458+01	5
c425d2d55b85d2d7eeb21275950317886b637116	2025-02-11 00:49:37.206086+01	7
1626a5f2836c93423b53dc2866d33eee1ebf50da	2025-02-11 00:52:00.523975+01	8
33484935fde6e9c3003490b9e916340fd2f8dd6b	2025-02-11 00:53:29.629653+01	9
ad8118a403d384d70421cc2c556231f24ef811b6	2025-02-11 00:57:10.743692+01	10
fbc55a2ab845430487dd0e15444d593e41c576fe	2025-02-11 01:04:19.417142+01	11
0309a346b69507076013ecfd4b013fd038fd4ce1	2025-02-11 01:07:02.987161+01	12
980afd9d868d94bd8591816a13909da92d89a1d9	2025-02-11 22:10:10.202002+01	13
\.


--
-- Data for Name: django_admin_log; Type: TABLE DATA; Schema: public; Owner: -
--

COPY public.django_admin_log (id, action_time, object_id, object_repr, action_flag, change_message, content_type_id, user_id) FROM stdin;
1	2025-01-27 03:35:53.337651+01	1	Category object (1)	1	[{"added": {}}]	13	2
2	2025-01-27 03:36:02.178664+01	2	Category object (2)	1	[{"added": {}}]	13	2
3	2025-01-27 03:36:08.514059+01	3	Category object (3)	1	[{"added": {}}]	13	2
4	2025-01-27 03:36:14.676778+01	4	Category object (4)	1	[{"added": {}}]	13	2
5	2025-01-27 03:36:25.910151+01	5	Category object (5)	1	[{"added": {}}]	13	2
6	2025-01-27 03:37:45.555194+01	6	Category object (6)	1	[{"added": {}}]	13	2
7	2025-01-27 03:37:52.044223+01	7	Category object (7)	1	[{"added": {}}]	13	2
\.


--
-- Data for Name: django_content_type; Type: TABLE DATA; Schema: public; Owner: -
--

COPY public.django_content_type (id, app_label, model) FROM stdin;
1	admin	logentry
2	auth	permission
3	auth	group
4	auth	user
5	contenttypes	contenttype
6	sessions	session
7	authtoken	token
8	authtoken	tokenproxy
9	jobs	category
10	jobs	job
11	jobboard	job
12	jobboard	category
13	jobapp	category
14	jobapp	job
15	jobapp	customuser
\.


--
-- Data for Name: django_migrations; Type: TABLE DATA; Schema: public; Owner: -
--

COPY public.django_migrations (id, app, name, applied) FROM stdin;
1	contenttypes	0001_initial	2024-12-28 18:40:27.205127+01
2	auth	0001_initial	2024-12-28 18:40:27.292772+01
6	contenttypes	0002_remove_content_type_name	2024-12-28 18:40:27.352895+01
7	auth	0002_alter_permission_name_max_length	2024-12-28 18:40:27.362457+01
8	auth	0003_alter_user_email_max_length	2024-12-28 18:40:27.370838+01
9	auth	0004_alter_user_username_opts	2024-12-28 18:40:27.378988+01
10	auth	0005_alter_user_last_login_null	2024-12-28 18:40:27.381306+01
11	auth	0006_require_contenttypes_0002	2024-12-28 18:40:27.387042+01
12	auth	0007_alter_validators_add_error_messages	2024-12-28 18:40:27.39564+01
13	auth	0008_alter_user_username_max_length	2024-12-28 18:40:27.409424+01
14	auth	0009_alter_user_last_name_max_length	2024-12-28 18:40:27.412234+01
15	auth	0010_alter_group_name_max_length	2024-12-28 18:40:27.431392+01
16	auth	0011_update_proxy_permissions	2024-12-28 18:40:27.439726+01
17	auth	0012_alter_user_first_name_max_length	2024-12-28 18:40:27.446259+01
18	sessions	0001_initial	2024-12-28 18:40:27.462476+01
23	jobs	0001_initial	2024-12-29 00:20:43.040074+01
24	jobboard	0001_initial	2024-12-29 16:39:25.360977+01
27	jobapp	0001_initial	2025-01-26 23:53:30.118299+01
28	admin	0001_initial	2025-01-26 23:54:58.798008+01
29	admin	0002_logentry_remove_auto_add	2025-01-26 23:54:58.81889+01
30	admin	0003_logentry_add_action_flag_choices	2025-01-26 23:54:58.826671+01
31	authtoken	0001_initial	2025-01-26 23:54:58.887798+01
32	authtoken	0002_auto_20160226_1747	2025-01-26 23:54:58.932052+01
33	authtoken	0003_tokenproxy	2025-01-26 23:54:58.935997+01
34	authtoken	0004_alter_tokenproxy_options	2025-01-26 23:54:58.94183+01
\.


--
-- Data for Name: django_session; Type: TABLE DATA; Schema: public; Owner: -
--

COPY public.django_session (session_key, session_data, expire_date) FROM stdin;
997aqzxknjxgzxd8emte7v58sjva81ll	.eJxVjEEOwiAQRe_C2hDBTodx6d4zkAGmUjWQlHZlvLuSdKHb_977L-V5W7Pfmix-TuqsjDr8boHjQ0oH6c7lVnWsZV3moLuid9r0tSZ5Xnb37yBzy71GZ4UiEUSxQMlFtCADEDoHiHEyjEcav4YFnIJBckgJgjmNQ2IW9f4AzKI3WQ:1tS4lz:1rb3jcOfzaHJFT4F4LA5cHUWPDKxugIoCxsg704BnSM	2025-01-13 02:40:47.301388+01
i0oamufe215cjthf6hzr8ktqzs2fb0tl	.eJxVjMEOgjAQRP-lZ9O0tOy2Hr3zDc1utwhqIKFwMv67kHDQ48x7M2-VaFuHtNWypFHUVTXq8tsx5WeZDiAPmu6zzvO0LiPrQ9Enrbqbpbxup_t3MFAd9rU12PeChZjRWUHw0EbKjgNalhAlWwPRUGi9F7dHkBhDwQbbAAKsPl_q8jfH:1tcDPS:zzFbZ5o4BDRyK6zFyyqBK_p-IXEsVuHkQs33aZKIsys	2025-02-10 01:55:26.69594+01
\.


--
-- Data for Name: jobapp_category; Type: TABLE DATA; Schema: public; Owner: -
--

COPY public.jobapp_category (id, title) FROM stdin;
1	Administrative
2	Engineering
3	Marketing
4	Healthcare
5	IT Specialists
6	Creative & Design
7	Finance
\.


--
-- Data for Name: jobapp_customuser; Type: TABLE DATA; Schema: public; Owner: -
--

COPY public.jobapp_customuser (id, password, last_login, is_superuser, username, first_name, last_name, email, is_staff, is_active, date_joined, user_type, company_name, profile_description) FROM stdin;
11	pbkdf2_sha256$870000$MgN03Kg7WrxF8tLjAzzi1B$CIRjyh88oSrc+1fjOeoYTQh/WJfcePAA1R4OiFSjhXI=	2025-02-11 01:04:19.526109+01	f	hello12@gmail.com			hello12@gmail.com	f	t	2025-02-11 01:04:06.87545+01	employer	Softalliance	\N
6	pbkdf2_sha256$600000$kReXyXgBrDRtl7b3A8FOT9$5ZEtSVyn9rgPh1fMDNkrFCAKUJWybu6oRuoBiequCUU=	2025-01-27 03:30:51.865835+01	f	hello7@gmail.com			hello7@gmail.com	f	t	2025-01-27 03:26:39.28278+01	jobseeker		\N
5	pbkdf2_sha256$600000$0xhhmYRxBKvY9srCbgDP2U$C3RVWBP1dhEUe9KA92Pso/Dq9kr63DGDekpND1fjDNk=	2025-01-27 03:33:47.861237+01	f	hello6@gmail.com			hello6@gmail.com	f	t	2025-01-27 03:23:13.705656+01	employer	hi	\N
12	pbkdf2_sha256$870000$Xt3KEcT5gtqvUdY5vkQonj$S9GohJulM8Q2eFbEBqDfxE7R9+rQBFJnR9cy6WjLk18=	2025-02-11 01:07:03.038828+01	f	hello13@gmail.com			hello13@gmail.com	f	t	2025-02-11 01:06:50.914571+01	jobseeker		\N
13	pbkdf2_sha256$870000$XM0iYXrGlqCl0M1Da76O5s$eVvLPBmpTzUiv2MWIHLlhHESEybUWl3/90L++g2vu/Y=	2025-02-11 22:10:10.263443+01	f	sharon2@gmail.com			sharon2@gmail.com	f	t	2025-02-11 22:09:55.071801+01	jobseeker		\N
14	pbkdf2_sha256$600000$OQ4zeEXMVVcCAJ4UnYf4kf$ESCJTOaNLZQYhGtt0rMKzdJYMCQO86HttiqKOiq3D3k=	\N	t	Bamzee			idapothomas@gmail.com	t	t	2025-03-26 22:53:13.213445+01		\N	\N
1	pbkdf2_sha256$870000$hZBHEGrpuvm3lqOiYXxPhA$BQ/p5AdnUBiU01hhmId18HiFWkqe33Uki9ll6JuTWSI=	2025-02-11 00:47:37.013783+01	f	hello3@gmail.com			hello3@gmail.com	f	t	2025-01-26 23:55:43.166651+01	job_seeker	\N	\N
7	pbkdf2_sha256$870000$jcXTmHXrr6sz0BMIu4mUkT$5Pb+qKLS90TTEzzoPdJmGSzLlXbBuuMTQgLyMH/a8sk=	2025-02-11 00:49:38.073796+01	f	hello10@gmail.com			hello10@gmail.com	f	t	2025-02-11 00:49:13.112492+01	employer	hello enterprises	\N
8	pbkdf2_sha256$870000$YBvOxjjrWVPpxRbnpU9klH$9tr1IyUJekjKkAkk/dMA7h6TpZvYcL91E3MGrsptmQA=	2025-02-11 00:52:00.648873+01	f	iranlowo@gmail.com			iranlowo@gmail.com	f	t	2025-02-11 00:51:45.910284+01	jobseeker		\N
2	pbkdf2_sha256$600000$EQo7rgKhhXSPWOZKdwPL8s$i1SDq4j4S+pBmeEPbNzbb7bnv9IKAmGsEvOjKXiinmY=	2025-01-27 01:55:26.688603+01	t	iranlowooluwa			idapothomas@gmail.com	t	t	2025-01-27 01:55:13.566485+01	job_seeker	\N	\N
3	pbkdf2_sha256$600000$ZNUHWZUNIs1fn2aACUs3bM$F/x3v32jtfjWY35XDzTKatCVCQ6KV5IHrDyJW1JbXq0=	\N	f	hello4@gmail.com			hello4@gmail.com	f	t	2025-01-27 02:02:47.003042+01		\N	\N
9	pbkdf2_sha256$870000$3i6AwYlIwx6SF4lv80hUF3$ijISB0Cc5XZcLTNHc0+mpJeqvO0KfuRz4z8LqKwdnZk=	2025-02-11 00:53:29.638864+01	f	hello11@gmail.com			hello11@gmail.com	f	t	2025-02-11 00:53:16.881744+01	employer	Softalliance	\N
4	pbkdf2_sha256$600000$voeGxYPEpOAHzKAt9ug4w8$cgJjWkWQUwZJv8360LPosO78iNTgtTbjeurQNcw/fEI=	2025-01-27 02:21:09.476944+01	f	hello5@gmail.com			hello5@gmail.com	f	t	2025-01-27 02:19:29.349332+01	employer	hm	\N
10	pbkdf2_sha256$870000$0dlICJ7mGUiqxnTZuME5Ey$qQXyEGyDt2ax9ftRJFCGAZKOFjerkxqmI+pb4P6wqmc=	2025-02-11 00:57:10.843479+01	f	iranlowo2@gmail.com			iranlowo2@gmail.com	f	t	2025-02-11 00:56:55.696269+01	jobseeker		\N
\.


--
-- Data for Name: jobapp_customuser_groups; Type: TABLE DATA; Schema: public; Owner: -
--

COPY public.jobapp_customuser_groups (id, customuser_id, group_id) FROM stdin;
\.


--
-- Data for Name: jobapp_customuser_user_permissions; Type: TABLE DATA; Schema: public; Owner: -
--

COPY public.jobapp_customuser_user_permissions (id, customuser_id, permission_id) FROM stdin;
\.


--
-- Data for Name: jobapp_job; Type: TABLE DATA; Schema: public; Owner: -
--

COPY public.jobapp_job (id, title, description, position_salary, position_location, company_name, company_location, company_email, created_at, category_id, created_by_id) FROM stdin;
1	Change Management Specialist	The Change Management Specialist will be responsible for managing and implementing change initiatives within the organization. This role requires working closely with cross-functional teams to ensure smooth transitions during organizational changes, whether related to processes, systems, or personnel. The position includes assessing change impacts, creating training programs, and providing support during the change process to minimize resistance and enhance engagement.	$75,000 - $95,000	New York, USA	Global Enterprises Inc.	Remote / New York, USA	hr@globalenterprises.com	2025-01-27 03:39:22.339793+01	1	5
2	Software Engineer (Full Stack)	We are seeking a highly skilled Full Stack Software Engineer to join our growing technology team. In this role, you will work on both the frontend and backend development of our web applications. The ideal candidate will have experience with JavaScript, React, Node.js, and PostgreSQL, and a deep understanding of software development life cycle, including continuous integration and deployment. You will also collaborate with product managers, designers, and other engineers to deliver high-quality software solutions.	$90,000 - $120,000 per year	San Francisco, USA	Tech Innovators LLC	Remote / San Francisco, USA	careers@techinnovators.com	2025-01-27 03:43:05.201291+01	2	5
3	Marketing Manager	The Marketing Manager will be responsible for developing and executing marketing strategies to promote our products and brand. This role involves managing campaigns, conducting market research, analyzing trends, and overseeing content creation across multiple platforms. The successful candidate will have a proven track record of driving customer acquisition and engagement through digital marketing, social media, email marketing, and SEO/SEM strategies.	$70,000 - $85,000	Chicago, USA	Brand Builders Inc.	Remote / Chicago, USA	marketing@brandbuilders.com	2025-01-27 03:44:12.796519+01	3	5
4	UX/UI Designer	We are looking for a talented UX/UI Designer to create user-friendly and aesthetically pleasing designs for our mobile and web applications. In this role, you will collaborate closely with developers and product managers to ensure the best user experience. You will be responsible for wireframing, prototyping, and conducting usability testing to optimize interfaces.	$65,000 - $85,000	Boston, USA	Design Masters	Hybrid / Boston, USA	careers@designmasters.com	2025-01-27 03:45:34.507983+01	6	5
5	Data Scientist	As a Data Scientist, you will analyze large datasets to extract actionable insights and help guide strategic decisions for the company. This role involves working with data mining, machine learning, and statistical analysis to identify trends, create predictive models, and support business intelligence functions. You will be using tools like Python, R, and SQL to analyze complex data and communicate findings to stakeholders.	$95,000 - $120,000	Seattle, USA	DataVision	Hybrid / Seattle, USA	careers@datavision.com	2025-01-27 03:46:35.856775+01	5	5
6	Human Resources	The HR Manager will oversee the full employee lifecycle, including recruitment, training, performance management, and employee relations. The role requires a deep understanding of labor laws, compensation practices, and employee engagement. You will work closely with department heads to address staffing needs and implement HR initiatives that align with company objectives.	$70,000 - $90,000	Wisconsin, USA	PeopleFirst	On Sie / Wisconsin, USA	hr@peoplefirst.com	2025-01-27 03:47:54.114939+01	1	5
7	Financial Analyst	We are seeking a Financial Analyst to assist with budgeting, forecasting, and financial reporting. In this role, you will analyze financial data, prepare reports, and provide recommendations to improve financial performance. You will work with various departments to assess business costs, investment opportunities, and financial risks, ensuring that the company stays on track to meet its financial goals.	$60,000 - $80,000	Chicago, USA	FinancePro	On Sie / Chicago, USA	finance@financepro.com	2025-01-27 03:48:53.219849+01	7	5
8	Full Stack Developer	The Full Stack Developer will work on both the front-end and back-end of our web applications, utilizing frameworks like React, Angular, and Node.js. You will be involved in designing, building, and maintaining the entire tech stack, from databases to user interfaces. Strong problem-solving skills and experience with version control systems (Git) are required.	$80,000 - $110,000	Denver, USA	CodeCrafters	Remote / Denver, USA	devs@codecrafters.com	2025-01-27 03:49:45.685155+01	5	5
9	Medical Laboratory Technician	The Medical Laboratory Technician will perform various laboratory tests to assist in the diagnosis and treatment of patients. Duties include preparing and analyzing biological samples, maintaining laboratory equipment, and ensuring compliance with safety protocols. This role requires knowledge of laboratory techniques and a high attention to detail to ensure accurate test results.	$45,000 - $60,000	Los Angeles, USA	BioLab Diagnostics	On Site / Los Angeles	nfo@biolabdiagnostics.com	2025-01-27 03:51:36.572313+01	4	5
10	Front-End Developer	Tech Innovations Ltd. is seeking a highly skilled and innovative Mechanical Engineer to join our growing team in Lagos, Nigeria. The successful candidate will play a crucial role in the design, development, and testing of mechanical systems and components. This position offers the opportunity to work on cutting-edge projects in a dynamic and collaborative environment.	$75,000 - $95,000	Wisconsin, USA	Softalliance	Softalliance	idapothomas@gmail.com	2025-02-11 00:51:11.043586+01	5	7
11	Back-End Developer	Tech Innovations Ltd. is seeking a highly skilled and innovative Mechanical Engineer to join our growing team in Lagos, Nigeria. The successful candidate will play a crucial role in the design, development, and testing of mechanical systems and components. This position offers the opportunity to work on cutting-edge projects in a dynamic and collaborative environment.	$80,000 - $90,000	Houston, US	Softalliance	Softalliance	idapothomas@gmail.com	2025-02-11 00:54:16.443945+01	5	9
12	Neuro Surgeon	Medical Laboratory Technician Description: The Medical Laboratory Technician will perform various laboratory tests to assist in the diagnosis and treatment of patients. Duties include preparing and analyzing biological samples, maintaining laboratory equipment, and ensuring compliance with safety protocols. This role requires knowledge of laboratory techniques and a high attention to detail to ensure accurate test results.	$350,000 - $400,000	Wisconsin, USA	Healthcare Organization or sumn	On Site	idapothomas@gmail.com	2025-02-11 01:05:51.032314+01	4	11
\.


--
-- Data for Name: jobboard_category; Type: TABLE DATA; Schema: public; Owner: -
--

COPY public.jobboard_category (id, title) FROM stdin;
\.


--
-- Data for Name: jobboard_job; Type: TABLE DATA; Schema: public; Owner: -
--

COPY public.jobboard_job (id, title, description, position_salary, position_location, company_name, company_location, company_email, created_at, category_id, created_by_id) FROM stdin;
\.


--
-- Data for Name: jobs_category; Type: TABLE DATA; Schema: public; Owner: -
--

COPY public.jobs_category (id, title) FROM stdin;
\.


--
-- Data for Name: jobs_job; Type: TABLE DATA; Schema: public; Owner: -
--

COPY public.jobs_job (id, title, description, position_salary, position_location, company_name, company_location, company_email, created_at, category_id, created_by_id) FROM stdin;
\.


--
-- Name: auth_group_id_seq; Type: SEQUENCE SET; Schema: public; Owner: -
--

SELECT pg_catalog.setval('public.auth_group_id_seq', 1, false);


--
-- Name: auth_group_permissions_id_seq; Type: SEQUENCE SET; Schema: public; Owner: -
--

SELECT pg_catalog.setval('public.auth_group_permissions_id_seq', 1, false);


--
-- Name: auth_permission_id_seq; Type: SEQUENCE SET; Schema: public; Owner: -
--

SELECT pg_catalog.setval('public.auth_permission_id_seq', 60, true);


--
-- Name: auth_user_groups_id_seq; Type: SEQUENCE SET; Schema: public; Owner: -
--

SELECT pg_catalog.setval('public.auth_user_groups_id_seq', 1, false);


--
-- Name: auth_user_id_seq; Type: SEQUENCE SET; Schema: public; Owner: -
--

SELECT pg_catalog.setval('public.auth_user_id_seq', 16, true);


--
-- Name: auth_user_user_permissions_id_seq; Type: SEQUENCE SET; Schema: public; Owner: -
--

SELECT pg_catalog.setval('public.auth_user_user_permissions_id_seq', 1, false);


--
-- Name: django_admin_log_id_seq; Type: SEQUENCE SET; Schema: public; Owner: -
--

SELECT pg_catalog.setval('public.django_admin_log_id_seq', 7, true);


--
-- Name: django_content_type_id_seq; Type: SEQUENCE SET; Schema: public; Owner: -
--

SELECT pg_catalog.setval('public.django_content_type_id_seq', 15, true);


--
-- Name: django_migrations_id_seq; Type: SEQUENCE SET; Schema: public; Owner: -
--

SELECT pg_catalog.setval('public.django_migrations_id_seq', 34, true);


--
-- Name: jobapp_category_id_seq; Type: SEQUENCE SET; Schema: public; Owner: -
--

SELECT pg_catalog.setval('public.jobapp_category_id_seq', 7, true);


--
-- Name: jobapp_customuser_groups_id_seq; Type: SEQUENCE SET; Schema: public; Owner: -
--

SELECT pg_catalog.setval('public.jobapp_customuser_groups_id_seq', 1, false);


--
-- Name: jobapp_customuser_id_seq; Type: SEQUENCE SET; Schema: public; Owner: -
--

SELECT pg_catalog.setval('public.jobapp_customuser_id_seq', 14, true);


--
-- Name: jobapp_customuser_user_permissions_id_seq; Type: SEQUENCE SET; Schema: public; Owner: -
--

SELECT pg_catalog.setval('public.jobapp_customuser_user_permissions_id_seq', 1, false);


--
-- Name: jobapp_job_id_seq; Type: SEQUENCE SET; Schema: public; Owner: -
--

SELECT pg_catalog.setval('public.jobapp_job_id_seq', 12, true);


--
-- Name: jobboard_category_id_seq; Type: SEQUENCE SET; Schema: public; Owner: -
--

SELECT pg_catalog.setval('public.jobboard_category_id_seq', 1, false);


--
-- Name: jobboard_job_id_seq; Type: SEQUENCE SET; Schema: public; Owner: -
--

SELECT pg_catalog.setval('public.jobboard_job_id_seq', 1, false);


--
-- Name: jobs_category_id_seq; Type: SEQUENCE SET; Schema: public; Owner: -
--

SELECT pg_catalog.setval('public.jobs_category_id_seq', 1, false);


--
-- Name: jobs_job_id_seq; Type: SEQUENCE SET; Schema: public; Owner: -
--

SELECT pg_catalog.setval('public.jobs_job_id_seq', 1, false);


--
-- Name: auth_group auth_group_name_key; Type: CONSTRAINT; Schema: public; Owner: -
--

ALTER TABLE ONLY public.auth_group
    ADD CONSTRAINT auth_group_name_key UNIQUE (name);


--
-- Name: auth_group_permissions auth_group_permissions_group_id_permission_id_0cd325b0_uniq; Type: CONSTRAINT; Schema: public; Owner: -
--

ALTER TABLE ONLY public.auth_group_permissions
    ADD CONSTRAINT auth_group_permissions_group_id_permission_id_0cd325b0_uniq UNIQUE (group_id, permission_id);


--
-- Name: auth_group_permissions auth_group_permissions_pkey; Type: CONSTRAINT; Schema: public; Owner: -
--

ALTER TABLE ONLY public.auth_group_permissions
    ADD CONSTRAINT auth_group_permissions_pkey PRIMARY KEY (id);


--
-- Name: auth_group auth_group_pkey; Type: CONSTRAINT; Schema: public; Owner: -
--

ALTER TABLE ONLY public.auth_group
    ADD CONSTRAINT auth_group_pkey PRIMARY KEY (id);


--
-- Name: auth_permission auth_permission_content_type_id_codename_01ab375a_uniq; Type: CONSTRAINT; Schema: public; Owner: -
--

ALTER TABLE ONLY public.auth_permission
    ADD CONSTRAINT auth_permission_content_type_id_codename_01ab375a_uniq UNIQUE (content_type_id, codename);


--
-- Name: auth_permission auth_permission_pkey; Type: CONSTRAINT; Schema: public; Owner: -
--

ALTER TABLE ONLY public.auth_permission
    ADD CONSTRAINT auth_permission_pkey PRIMARY KEY (id);


--
-- Name: auth_user_groups auth_user_groups_pkey; Type: CONSTRAINT; Schema: public; Owner: -
--

ALTER TABLE ONLY public.auth_user_groups
    ADD CONSTRAINT auth_user_groups_pkey PRIMARY KEY (id);


--
-- Name: auth_user_groups auth_user_groups_user_id_group_id_94350c0c_uniq; Type: CONSTRAINT; Schema: public; Owner: -
--

ALTER TABLE ONLY public.auth_user_groups
    ADD CONSTRAINT auth_user_groups_user_id_group_id_94350c0c_uniq UNIQUE (user_id, group_id);


--
-- Name: auth_user auth_user_pkey; Type: CONSTRAINT; Schema: public; Owner: -
--

ALTER TABLE ONLY public.auth_user
    ADD CONSTRAINT auth_user_pkey PRIMARY KEY (id);


--
-- Name: auth_user_user_permissions auth_user_user_permissions_pkey; Type: CONSTRAINT; Schema: public; Owner: -
--

ALTER TABLE ONLY public.auth_user_user_permissions
    ADD CONSTRAINT auth_user_user_permissions_pkey PRIMARY KEY (id);


--
-- Name: auth_user_user_permissions auth_user_user_permissions_user_id_permission_id_14a6b632_uniq; Type: CONSTRAINT; Schema: public; Owner: -
--

ALTER TABLE ONLY public.auth_user_user_permissions
    ADD CONSTRAINT auth_user_user_permissions_user_id_permission_id_14a6b632_uniq UNIQUE (user_id, permission_id);


--
-- Name: auth_user auth_user_username_key; Type: CONSTRAINT; Schema: public; Owner: -
--

ALTER TABLE ONLY public.auth_user
    ADD CONSTRAINT auth_user_username_key UNIQUE (username);


--
-- Name: authtoken_token authtoken_token_pkey; Type: CONSTRAINT; Schema: public; Owner: -
--

ALTER TABLE ONLY public.authtoken_token
    ADD CONSTRAINT authtoken_token_pkey PRIMARY KEY (key);


--
-- Name: authtoken_token authtoken_token_user_id_key; Type: CONSTRAINT; Schema: public; Owner: -
--

ALTER TABLE ONLY public.authtoken_token
    ADD CONSTRAINT authtoken_token_user_id_key UNIQUE (user_id);


--
-- Name: django_admin_log django_admin_log_pkey; Type: CONSTRAINT; Schema: public; Owner: -
--

ALTER TABLE ONLY public.django_admin_log
    ADD CONSTRAINT django_admin_log_pkey PRIMARY KEY (id);


--
-- Name: django_content_type django_content_type_app_label_model_76bd3d3b_uniq; Type: CONSTRAINT; Schema: public; Owner: -
--

ALTER TABLE ONLY public.django_content_type
    ADD CONSTRAINT django_content_type_app_label_model_76bd3d3b_uniq UNIQUE (app_label, model);


--
-- Name: django_content_type django_content_type_pkey; Type: CONSTRAINT; Schema: public; Owner: -
--

ALTER TABLE ONLY public.django_content_type
    ADD CONSTRAINT django_content_type_pkey PRIMARY KEY (id);


--
-- Name: django_migrations django_migrations_pkey; Type: CONSTRAINT; Schema: public; Owner: -
--

ALTER TABLE ONLY public.django_migrations
    ADD CONSTRAINT django_migrations_pkey PRIMARY KEY (id);


--
-- Name: django_session django_session_pkey; Type: CONSTRAINT; Schema: public; Owner: -
--

ALTER TABLE ONLY public.django_session
    ADD CONSTRAINT django_session_pkey PRIMARY KEY (session_key);


--
-- Name: jobapp_category jobapp_category_pkey; Type: CONSTRAINT; Schema: public; Owner: -
--

ALTER TABLE ONLY public.jobapp_category
    ADD CONSTRAINT jobapp_category_pkey PRIMARY KEY (id);


--
-- Name: jobapp_customuser_groups jobapp_customuser_groups_customuser_id_group_id_f2ee1742_uniq; Type: CONSTRAINT; Schema: public; Owner: -
--

ALTER TABLE ONLY public.jobapp_customuser_groups
    ADD CONSTRAINT jobapp_customuser_groups_customuser_id_group_id_f2ee1742_uniq UNIQUE (customuser_id, group_id);


--
-- Name: jobapp_customuser_groups jobapp_customuser_groups_pkey; Type: CONSTRAINT; Schema: public; Owner: -
--

ALTER TABLE ONLY public.jobapp_customuser_groups
    ADD CONSTRAINT jobapp_customuser_groups_pkey PRIMARY KEY (id);


--
-- Name: jobapp_customuser jobapp_customuser_pkey; Type: CONSTRAINT; Schema: public; Owner: -
--

ALTER TABLE ONLY public.jobapp_customuser
    ADD CONSTRAINT jobapp_customuser_pkey PRIMARY KEY (id);


--
-- Name: jobapp_customuser_user_permissions jobapp_customuser_user_p_customuser_id_permission_a5a41c32_uniq; Type: CONSTRAINT; Schema: public; Owner: -
--

ALTER TABLE ONLY public.jobapp_customuser_user_permissions
    ADD CONSTRAINT jobapp_customuser_user_p_customuser_id_permission_a5a41c32_uniq UNIQUE (customuser_id, permission_id);


--
-- Name: jobapp_customuser_user_permissions jobapp_customuser_user_permissions_pkey; Type: CONSTRAINT; Schema: public; Owner: -
--

ALTER TABLE ONLY public.jobapp_customuser_user_permissions
    ADD CONSTRAINT jobapp_customuser_user_permissions_pkey PRIMARY KEY (id);


--
-- Name: jobapp_customuser jobapp_customuser_username_key; Type: CONSTRAINT; Schema: public; Owner: -
--

ALTER TABLE ONLY public.jobapp_customuser
    ADD CONSTRAINT jobapp_customuser_username_key UNIQUE (username);


--
-- Name: jobapp_job jobapp_job_pkey; Type: CONSTRAINT; Schema: public; Owner: -
--

ALTER TABLE ONLY public.jobapp_job
    ADD CONSTRAINT jobapp_job_pkey PRIMARY KEY (id);


--
-- Name: jobboard_category jobboard_category_pkey; Type: CONSTRAINT; Schema: public; Owner: -
--

ALTER TABLE ONLY public.jobboard_category
    ADD CONSTRAINT jobboard_category_pkey PRIMARY KEY (id);


--
-- Name: jobboard_job jobboard_job_pkey; Type: CONSTRAINT; Schema: public; Owner: -
--

ALTER TABLE ONLY public.jobboard_job
    ADD CONSTRAINT jobboard_job_pkey PRIMARY KEY (id);


--
-- Name: jobs_category jobs_category_pkey; Type: CONSTRAINT; Schema: public; Owner: -
--

ALTER TABLE ONLY public.jobs_category
    ADD CONSTRAINT jobs_category_pkey PRIMARY KEY (id);


--
-- Name: jobs_job jobs_job_pkey; Type: CONSTRAINT; Schema: public; Owner: -
--

ALTER TABLE ONLY public.jobs_job
    ADD CONSTRAINT jobs_job_pkey PRIMARY KEY (id);


--
-- Name: auth_group_name_a6ea08ec_like; Type: INDEX; Schema: public; Owner: -
--

CREATE INDEX auth_group_name_a6ea08ec_like ON public.auth_group USING btree (name varchar_pattern_ops);


--
-- Name: auth_group_permissions_group_id_b120cbf9; Type: INDEX; Schema: public; Owner: -
--

CREATE INDEX auth_group_permissions_group_id_b120cbf9 ON public.auth_group_permissions USING btree (group_id);


--
-- Name: auth_group_permissions_permission_id_84c5c92e; Type: INDEX; Schema: public; Owner: -
--

CREATE INDEX auth_group_permissions_permission_id_84c5c92e ON public.auth_group_permissions USING btree (permission_id);


--
-- Name: auth_permission_content_type_id_2f476e4b; Type: INDEX; Schema: public; Owner: -
--

CREATE INDEX auth_permission_content_type_id_2f476e4b ON public.auth_permission USING btree (content_type_id);


--
-- Name: auth_user_groups_group_id_97559544; Type: INDEX; Schema: public; Owner: -
--

CREATE INDEX auth_user_groups_group_id_97559544 ON public.auth_user_groups USING btree (group_id);


--
-- Name: auth_user_groups_user_id_6a12ed8b; Type: INDEX; Schema: public; Owner: -
--

CREATE INDEX auth_user_groups_user_id_6a12ed8b ON public.auth_user_groups USING btree (user_id);


--
-- Name: auth_user_user_permissions_permission_id_1fbb5f2c; Type: INDEX; Schema: public; Owner: -
--

CREATE INDEX auth_user_user_permissions_permission_id_1fbb5f2c ON public.auth_user_user_permissions USING btree (permission_id);


--
-- Name: auth_user_user_permissions_user_id_a95ead1b; Type: INDEX; Schema: public; Owner: -
--

CREATE INDEX auth_user_user_permissions_user_id_a95ead1b ON public.auth_user_user_permissions USING btree (user_id);


--
-- Name: auth_user_username_6821ab7c_like; Type: INDEX; Schema: public; Owner: -
--

CREATE INDEX auth_user_username_6821ab7c_like ON public.auth_user USING btree (username varchar_pattern_ops);


--
-- Name: authtoken_token_key_10f0b77e_like; Type: INDEX; Schema: public; Owner: -
--

CREATE INDEX authtoken_token_key_10f0b77e_like ON public.authtoken_token USING btree (key varchar_pattern_ops);


--
-- Name: django_admin_log_content_type_id_c4bce8eb; Type: INDEX; Schema: public; Owner: -
--

CREATE INDEX django_admin_log_content_type_id_c4bce8eb ON public.django_admin_log USING btree (content_type_id);


--
-- Name: django_admin_log_user_id_c564eba6; Type: INDEX; Schema: public; Owner: -
--

CREATE INDEX django_admin_log_user_id_c564eba6 ON public.django_admin_log USING btree (user_id);


--
-- Name: django_session_expire_date_a5c62663; Type: INDEX; Schema: public; Owner: -
--

CREATE INDEX django_session_expire_date_a5c62663 ON public.django_session USING btree (expire_date);


--
-- Name: django_session_session_key_c0390e0f_like; Type: INDEX; Schema: public; Owner: -
--

CREATE INDEX django_session_session_key_c0390e0f_like ON public.django_session USING btree (session_key varchar_pattern_ops);


--
-- Name: jobapp_customuser_groups_customuser_id_02efc875; Type: INDEX; Schema: public; Owner: -
--

CREATE INDEX jobapp_customuser_groups_customuser_id_02efc875 ON public.jobapp_customuser_groups USING btree (customuser_id);


--
-- Name: jobapp_customuser_groups_group_id_1cdd7bb5; Type: INDEX; Schema: public; Owner: -
--

CREATE INDEX jobapp_customuser_groups_group_id_1cdd7bb5 ON public.jobapp_customuser_groups USING btree (group_id);


--
-- Name: jobapp_customuser_user_permissions_customuser_id_6ae1c0b5; Type: INDEX; Schema: public; Owner: -
--

CREATE INDEX jobapp_customuser_user_permissions_customuser_id_6ae1c0b5 ON public.jobapp_customuser_user_permissions USING btree (customuser_id);


--
-- Name: jobapp_customuser_user_permissions_permission_id_54f8e8a1; Type: INDEX; Schema: public; Owner: -
--

CREATE INDEX jobapp_customuser_user_permissions_permission_id_54f8e8a1 ON public.jobapp_customuser_user_permissions USING btree (permission_id);


--
-- Name: jobapp_customuser_username_0b6d4fe0_like; Type: INDEX; Schema: public; Owner: -
--

CREATE INDEX jobapp_customuser_username_0b6d4fe0_like ON public.jobapp_customuser USING btree (username varchar_pattern_ops);


--
-- Name: jobapp_job_category_id_3a0e51b4; Type: INDEX; Schema: public; Owner: -
--

CREATE INDEX jobapp_job_category_id_3a0e51b4 ON public.jobapp_job USING btree (category_id);


--
-- Name: jobapp_job_created_by_id_0ca4fc0a; Type: INDEX; Schema: public; Owner: -
--

CREATE INDEX jobapp_job_created_by_id_0ca4fc0a ON public.jobapp_job USING btree (created_by_id);


--
-- Name: jobboard_job_category_id_4bad6ca1; Type: INDEX; Schema: public; Owner: -
--

CREATE INDEX jobboard_job_category_id_4bad6ca1 ON public.jobboard_job USING btree (category_id);


--
-- Name: jobboard_job_created_by_id_9e8535ce; Type: INDEX; Schema: public; Owner: -
--

CREATE INDEX jobboard_job_created_by_id_9e8535ce ON public.jobboard_job USING btree (created_by_id);


--
-- Name: jobs_job_category_id_fd8331ed; Type: INDEX; Schema: public; Owner: -
--

CREATE INDEX jobs_job_category_id_fd8331ed ON public.jobs_job USING btree (category_id);


--
-- Name: jobs_job_created_by_id_f3283268; Type: INDEX; Schema: public; Owner: -
--

CREATE INDEX jobs_job_created_by_id_f3283268 ON public.jobs_job USING btree (created_by_id);


--
-- Name: auth_group_permissions auth_group_permissio_permission_id_84c5c92e_fk_auth_perm; Type: FK CONSTRAINT; Schema: public; Owner: -
--

ALTER TABLE ONLY public.auth_group_permissions
    ADD CONSTRAINT auth_group_permissio_permission_id_84c5c92e_fk_auth_perm FOREIGN KEY (permission_id) REFERENCES public.auth_permission(id) DEFERRABLE INITIALLY DEFERRED;


--
-- Name: auth_group_permissions auth_group_permissions_group_id_b120cbf9_fk_auth_group_id; Type: FK CONSTRAINT; Schema: public; Owner: -
--

ALTER TABLE ONLY public.auth_group_permissions
    ADD CONSTRAINT auth_group_permissions_group_id_b120cbf9_fk_auth_group_id FOREIGN KEY (group_id) REFERENCES public.auth_group(id) DEFERRABLE INITIALLY DEFERRED;


--
-- Name: auth_permission auth_permission_content_type_id_2f476e4b_fk_django_co; Type: FK CONSTRAINT; Schema: public; Owner: -
--

ALTER TABLE ONLY public.auth_permission
    ADD CONSTRAINT auth_permission_content_type_id_2f476e4b_fk_django_co FOREIGN KEY (content_type_id) REFERENCES public.django_content_type(id) DEFERRABLE INITIALLY DEFERRED;


--
-- Name: auth_user_groups auth_user_groups_group_id_97559544_fk_auth_group_id; Type: FK CONSTRAINT; Schema: public; Owner: -
--

ALTER TABLE ONLY public.auth_user_groups
    ADD CONSTRAINT auth_user_groups_group_id_97559544_fk_auth_group_id FOREIGN KEY (group_id) REFERENCES public.auth_group(id) DEFERRABLE INITIALLY DEFERRED;


--
-- Name: auth_user_groups auth_user_groups_user_id_6a12ed8b_fk_auth_user_id; Type: FK CONSTRAINT; Schema: public; Owner: -
--

ALTER TABLE ONLY public.auth_user_groups
    ADD CONSTRAINT auth_user_groups_user_id_6a12ed8b_fk_auth_user_id FOREIGN KEY (user_id) REFERENCES public.auth_user(id) DEFERRABLE INITIALLY DEFERRED;


--
-- Name: auth_user_user_permissions auth_user_user_permi_permission_id_1fbb5f2c_fk_auth_perm; Type: FK CONSTRAINT; Schema: public; Owner: -
--

ALTER TABLE ONLY public.auth_user_user_permissions
    ADD CONSTRAINT auth_user_user_permi_permission_id_1fbb5f2c_fk_auth_perm FOREIGN KEY (permission_id) REFERENCES public.auth_permission(id) DEFERRABLE INITIALLY DEFERRED;


--
-- Name: auth_user_user_permissions auth_user_user_permissions_user_id_a95ead1b_fk_auth_user_id; Type: FK CONSTRAINT; Schema: public; Owner: -
--

ALTER TABLE ONLY public.auth_user_user_permissions
    ADD CONSTRAINT auth_user_user_permissions_user_id_a95ead1b_fk_auth_user_id FOREIGN KEY (user_id) REFERENCES public.auth_user(id) DEFERRABLE INITIALLY DEFERRED;


--
-- Name: authtoken_token authtoken_token_user_id_35299eff_fk_jobapp_customuser_id; Type: FK CONSTRAINT; Schema: public; Owner: -
--

ALTER TABLE ONLY public.authtoken_token
    ADD CONSTRAINT authtoken_token_user_id_35299eff_fk_jobapp_customuser_id FOREIGN KEY (user_id) REFERENCES public.jobapp_customuser(id) DEFERRABLE INITIALLY DEFERRED;


--
-- Name: django_admin_log django_admin_log_content_type_id_c4bce8eb_fk_django_co; Type: FK CONSTRAINT; Schema: public; Owner: -
--

ALTER TABLE ONLY public.django_admin_log
    ADD CONSTRAINT django_admin_log_content_type_id_c4bce8eb_fk_django_co FOREIGN KEY (content_type_id) REFERENCES public.django_content_type(id) DEFERRABLE INITIALLY DEFERRED;


--
-- Name: django_admin_log django_admin_log_user_id_c564eba6_fk_jobapp_customuser_id; Type: FK CONSTRAINT; Schema: public; Owner: -
--

ALTER TABLE ONLY public.django_admin_log
    ADD CONSTRAINT django_admin_log_user_id_c564eba6_fk_jobapp_customuser_id FOREIGN KEY (user_id) REFERENCES public.jobapp_customuser(id) DEFERRABLE INITIALLY DEFERRED;


--
-- Name: jobapp_customuser_groups jobapp_customuser_gr_customuser_id_02efc875_fk_jobapp_cu; Type: FK CONSTRAINT; Schema: public; Owner: -
--

ALTER TABLE ONLY public.jobapp_customuser_groups
    ADD CONSTRAINT jobapp_customuser_gr_customuser_id_02efc875_fk_jobapp_cu FOREIGN KEY (customuser_id) REFERENCES public.jobapp_customuser(id) DEFERRABLE INITIALLY DEFERRED;


--
-- Name: jobapp_customuser_groups jobapp_customuser_groups_group_id_1cdd7bb5_fk_auth_group_id; Type: FK CONSTRAINT; Schema: public; Owner: -
--

ALTER TABLE ONLY public.jobapp_customuser_groups
    ADD CONSTRAINT jobapp_customuser_groups_group_id_1cdd7bb5_fk_auth_group_id FOREIGN KEY (group_id) REFERENCES public.auth_group(id) DEFERRABLE INITIALLY DEFERRED;


--
-- Name: jobapp_customuser_user_permissions jobapp_customuser_us_customuser_id_6ae1c0b5_fk_jobapp_cu; Type: FK CONSTRAINT; Schema: public; Owner: -
--

ALTER TABLE ONLY public.jobapp_customuser_user_permissions
    ADD CONSTRAINT jobapp_customuser_us_customuser_id_6ae1c0b5_fk_jobapp_cu FOREIGN KEY (customuser_id) REFERENCES public.jobapp_customuser(id) DEFERRABLE INITIALLY DEFERRED;


--
-- Name: jobapp_customuser_user_permissions jobapp_customuser_us_permission_id_54f8e8a1_fk_auth_perm; Type: FK CONSTRAINT; Schema: public; Owner: -
--

ALTER TABLE ONLY public.jobapp_customuser_user_permissions
    ADD CONSTRAINT jobapp_customuser_us_permission_id_54f8e8a1_fk_auth_perm FOREIGN KEY (permission_id) REFERENCES public.auth_permission(id) DEFERRABLE INITIALLY DEFERRED;


--
-- Name: jobapp_job jobapp_job_category_id_3a0e51b4_fk_jobapp_category_id; Type: FK CONSTRAINT; Schema: public; Owner: -
--

ALTER TABLE ONLY public.jobapp_job
    ADD CONSTRAINT jobapp_job_category_id_3a0e51b4_fk_jobapp_category_id FOREIGN KEY (category_id) REFERENCES public.jobapp_category(id) DEFERRABLE INITIALLY DEFERRED;


--
-- Name: jobapp_job jobapp_job_created_by_id_0ca4fc0a_fk_jobapp_customuser_id; Type: FK CONSTRAINT; Schema: public; Owner: -
--

ALTER TABLE ONLY public.jobapp_job
    ADD CONSTRAINT jobapp_job_created_by_id_0ca4fc0a_fk_jobapp_customuser_id FOREIGN KEY (created_by_id) REFERENCES public.jobapp_customuser(id) DEFERRABLE INITIALLY DEFERRED;


--
-- Name: jobboard_job jobboard_job_category_id_4bad6ca1_fk_jobboard_category_id; Type: FK CONSTRAINT; Schema: public; Owner: -
--

ALTER TABLE ONLY public.jobboard_job
    ADD CONSTRAINT jobboard_job_category_id_4bad6ca1_fk_jobboard_category_id FOREIGN KEY (category_id) REFERENCES public.jobboard_category(id) DEFERRABLE INITIALLY DEFERRED;


--
-- Name: jobboard_job jobboard_job_created_by_id_9e8535ce_fk_auth_user_id; Type: FK CONSTRAINT; Schema: public; Owner: -
--

ALTER TABLE ONLY public.jobboard_job
    ADD CONSTRAINT jobboard_job_created_by_id_9e8535ce_fk_auth_user_id FOREIGN KEY (created_by_id) REFERENCES public.auth_user(id) DEFERRABLE INITIALLY DEFERRED;


--
-- Name: jobs_job jobs_job_category_id_fd8331ed_fk_jobs_category_id; Type: FK CONSTRAINT; Schema: public; Owner: -
--

ALTER TABLE ONLY public.jobs_job
    ADD CONSTRAINT jobs_job_category_id_fd8331ed_fk_jobs_category_id FOREIGN KEY (category_id) REFERENCES public.jobs_category(id) DEFERRABLE INITIALLY DEFERRED;


--
-- Name: jobs_job jobs_job_created_by_id_f3283268_fk_auth_user_id; Type: FK CONSTRAINT; Schema: public; Owner: -
--

ALTER TABLE ONLY public.jobs_job
    ADD CONSTRAINT jobs_job_created_by_id_f3283268_fk_auth_user_id FOREIGN KEY (created_by_id) REFERENCES public.auth_user(id) DEFERRABLE INITIALLY DEFERRED;


--
-- PostgreSQL database dump complete
--

